Tref,Tana,Pi_Vref,Peq_Vtotal,Pi_Vana
298,298,0.47218,0.4153,6.5E-6
298,298,0.96936,0.86278,6.5E-6
298,298,1.47179,1.31463,6.5E-6
298,298,1.97115,1.76386,6.5E-6
298,298,2.46145,2.20353,6.5E-6
