Tref,Tana,Pi_Vref,Peq_Vtotal,Pi_Vana
298,298,0.47254,0.41468,6.5E-6
298,298,0.97006,0.86249,6.5E-6
298,298,1.46721,1.30973,6.5E-6
298,298,1.96700,1.75865,6.5E-6
298,298,2.46178,2.20265,6.5E-6
