Tref,Tana,Pi_Vref,Peq_Vtotal,Pi_Vana
298,298,0.4673,0.40901,6.5E-6
298,298,0.96448,0.85598,6.5E-6
298,298,1.46719,1.310727,6.5E-6
298,298,1.96696,1.755561,6.5E-6
298,298,2.45753,2.19527,6.5E-6
