Tref,Tana,Pi_Vref,Peq_Vtotal,Pi_Vana
373,623,0.50455,0.48615,0.0018
373,623,1.50274,1.44789,0.004
373,623,2.4972,2.40494,0.004
