Tref,Tana,Pi_Vref,Peq_Vtotal,Pi_Vana
373,623,0.50377,0.48494,0.002
373,623,1.50348,1.448,0.0024
373,623,2.49442,2.40131,0.0012
