Tref,Tana,Pi_Vref,Peq_Vtotal,Pi_Vana
298,623,0.50219,0.48768,0.0079
298,623,1.50134,1.45662,0.0032
298,623,2.49619,2.42072,0.0036
298,448,0.47925,0.46293,0.0054
298,448,1.50113,1.45032,0.0078
298,448,2.49507,2.4083,0.0839
298,298,0.5025,0.48181,0.003
298,298,1.497,1.43933,0.0028
298,298,2.4962,2.4051,0.003
