Tref,Tana,Pi_Vref,Peq_Vtotal,Pi_Vana
298,298,0.5025,0.48181,0.003
298,298,1.497,1.43933,0.0028
298,298,2.4962,2.4051,0.003
