Tref,Tana,Pi_Vref,Peq_Vtotal,Pi_Vana
298,298,0.50018,0.48391,0.0033
298,298,1.4801,1.44447,0.0035
298,298,2.4941,2.41633,0.0057
