,PrefIni,PanaIni,fecha_ini,fecha_fin
1,2.1008,0.003847,10:26:58,10:34:58
2,2.1036,0.003513,10:51:14,10:59:14
3,2.1033,0.003467,12:49:42,12:57:42
4,2.1032,0.003558,13:47:19,13:55:19
5,2.1048,0.003497,17:45:41,17:53:51
6,2.1036,0.003427,18:23:11,18:31:11
7,2.1034,0.003453,19:53:09,20:01:09
8,2.1007,0.003331,20:32:25,20:40:25
9,2.1014,0.003375,21:05:26,24:13:26
