Pi_(MPa),Pf_(MPa)
0.158157,0.13206
0.160708,0.153273
0.190265,0.175252
0.202962,0.197716
0.230604,0.215419
0.257451,0.251372
0.312789,0.303387
0.321382,0.318711
0.413731,0.399471
0.428833,0.422629
0.469744,0.461908
0.569148,0.551458
0.603904,0.595532
0.723498,0.712351
0.828944,0.815038
1.067751,1.038171
