Pi_(MPa),Pf_(MPa)
0.58157,0.3206
0.60708,0.53273
0.90265,0.75252
1.02962,0.97716
1.30604,1.15419
1.57451,1.51372
2.12789,2.03387
2.21382,2.18711
3.13731,2.99471
3.28833,3.22629
3.69744,3.61908
4.69148,4.51458
5.03904,4.95532
6.23498,6.12351
7.28944,7.15038
9.67751,9.38171
15.78765,15.09936
20.70191,20.11357
25.6333,25.0065
